participant_id	age	sex	source_file
sub-D01AA	n/a	n/a	D01AA
sub-D02AB	n/a	n/a	D02AB
sub-D03AH	n/a	n/a	D03AH
sub-D04AD	n/a	n/a	D04AD
sub-D05AD	n/a	n/a	D05AD
sub-D06AA	n/a	n/a	D06AA
sub-D07AK	n/a	n/a	D07AK
sub-D08BC	n/a	n/a	D08BC
sub-D09CU	n/a	n/a	D09CU
sub-D10CA	n/a	n/a	D10CA
sub-D11DD	n/a	n/a	D11DD
sub-D12DC	n/a	n/a	D12DC
sub-D13ES	n/a	n/a	D13ES
sub-D14EE	n/a	n/a	D14EE
sub-D15FO	n/a	n/a	D15FO
sub-D16FE	n/a	n/a	D16FE
sub-D17FY	n/a	n/a	D17FY
sub-D18HT	n/a	n/a	D18HT
sub-D19HK	n/a	n/a	D19HK
sub-D20HS	n/a	n/a	D20HS
sub-D21IS	n/a	n/a	D21IS
sub-D22KG	n/a	n/a	D22KG
sub-D23KK	n/a	n/a	D23KK
sub-D24LA	n/a	n/a	D24LA
sub-D25MB	n/a	n/a	D25MB
sub-D26MK	n/a	n/a	D26MK
sub-D27NK	n/a	n/a	D27NK
sub-D28OE	n/a	n/a	D28OE
sub-D29SC	n/a	n/a	D29SC
sub-D30SD	n/a	n/a	D30SD
sub-D31SE	n/a	n/a	D31SE
sub-D32SA	n/a	n/a	D32SA
sub-D33SE	n/a	n/a	D33SE
sub-D34UA	n/a	n/a	D34UA
sub-D35YT	n/a	n/a	D35YT
sub-D36YB	n/a	n/a	D36YB
sub-D37YB	n/a	n/a	D37YB
sub-D38ZD	n/a	n/a	D38ZD
sub-D39ZC	n/a	n/a	D39ZC
sub-D40SA	n/a	n/a	D40SA
sub-M01AA	n/a	n/a	M01AA
sub-M02AB	n/a	n/a	M02AB
sub-M03AH	n/a	n/a	M03AH
sub-M04AD	n/a	n/a	M04AD
sub-M05AD	n/a	n/a	M05AD
sub-M06AA	n/a	n/a	M06AA
sub-M07AK	n/a	n/a	M07AK
sub-M08BC	n/a	n/a	M08BC
sub-M09CU	n/a	n/a	M09CU
sub-M10CA	n/a	n/a	M10CA
sub-M11DD	n/a	n/a	M11DD
sub-M12DC	n/a	n/a	M12DC
sub-M13ES	n/a	n/a	M13ES
sub-M14EE	n/a	n/a	M14EE
sub-M15FO	n/a	n/a	M15FO
sub-M16FE	n/a	n/a	M16FE
sub-M17FY	n/a	n/a	M17FY
sub-M18HT	n/a	n/a	M18HT
sub-M19HK	n/a	n/a	M19HK
sub-M20HS	n/a	n/a	M20HS
sub-M21IS	n/a	n/a	M21IS
sub-M22KG	n/a	n/a	M22KG
sub-M23KK	n/a	n/a	M23KK
sub-M24LA	n/a	n/a	M24LA
sub-M25MB	n/a	n/a	M25MB
sub-M26MK	n/a	n/a	M26MK
sub-M27NK	n/a	n/a	M27NK
sub-M28OE	n/a	n/a	M28OE
sub-M29SC	n/a	n/a	M29SC
sub-M30SD	n/a	n/a	M30SD
sub-M31SE	n/a	n/a	M31SE
sub-M32SA	n/a	n/a	M32SA
sub-M33SE	n/a	n/a	M33SE
sub-M34UA	n/a	n/a	M34UA
sub-M35YT	n/a	n/a	M35YT
sub-M36YB	n/a	n/a	M36YB
sub-M37YB	n/a	n/a	M37YB
sub-M38ZD	n/a	n/a	M38ZD
sub-M39ZC	n/a	n/a	M39ZC
sub-M40SA	n/a	n/a	M40SA
